,Normal,Normal,Student-t,Student-t,Historical,Historical,GARCH-CCC,GARCH-CCC,FHS-EWMA,FHS-EWMA
,VaR_99,ES_975,VaR_99,ES_975,VaR_99,ES_975,VaR_99,ES_975,VaR_99,ES_975
AAPL,10369.766910139062,10421.947613482722,11461.356449856625,11883.443420335087,12364.40403668314,13300.788919811273,7728.773107213079,7767.949578381203,9196.850209164886,9834.010488351765
MSFT,9674.8140155027,9723.416581406618,10691.551030232786,11084.694634770967,11121.645698186005,12263.677358509294,9299.418308620252,9346.172429092534,12530.610834236584,12988.880319514343
GOOGL,8269.133358633757,8310.609363395879,9136.78691725732,9472.2841427795,10040.266395507824,10628.615021261894,8189.719470834975,8230.804442254364,10459.533449950028,11610.708897428834
^GSPC,5209.962879016833,5236.056086560059,5755.817392020921,5966.883978253971,6720.892469679407,7270.733734822149,5350.565489355471,5377.351023017488,6373.5305221813305,6842.707298488855
^IRX,17.466674200403425,17.551032731936377,19.23140492855855,19.913776662305626,26.390011310577567,27.765387325332714,5.226193616398192,5.250280120303434,6.2881789433817605,6.602835039777893
Portfolio,29359.96312556108,29507.81186555776,32452.871570621457,33648.81226814826,35831.49592287068,38532.4222615614,25757.960646949577,25888.073155805985,31380.333674579004,31544.021954603104
