,Normal,Normal,Student-t,Student-t,Historical,Historical,GARCH-CCC,GARCH-CCC,FHS-EWMA,FHS-EWMA
,VaR_99,ES_975,VaR_99,ES_975,VaR_99,ES_975,VaR_99,ES_975,VaR_99,ES_975
AAPL,10191.607165581063,10242.871540102711,11264.027646758666,11678.702481492257,12316.336886079707,13179.542347252645,10191.60716558108,10242.871540102728,,
MSFT,9508.242323370587,9555.991068554926,10507.11791219869,10893.355005751655,11052.861795641935,12152.725200637988,9508.242323370583,9555.991068554922,,
ASML.AS,9783.059645942181,9832.262113242501,10812.34624408556,11210.342419531524,11502.420856795488,12395.505600070086,9783.059645942183,9832.262113242503,,
^GSPC,5119.931520477501,5145.5660866970675,5656.191527480161,5863.548188119351,6635.934157781426,7196.373829539537,5119.9315204774975,5145.566086697063,,
^IRX,17.154027462797245,17.236903985873656,18.887755448074785,19.558139293204746,26.250004768371603,27.384330671447426,17.154027462797252,17.23690398587366,,
Portfolio,27658.115298937377,27797.768090775135,30579.569342177503,31709.213445236877,35367.59157449776,36370.27037984113,27658.115298937384,27797.768090775146,,
